"filename", "language", "Vue", "JSON", "JavaScript", "SASS", "HTML", "XML", "comment", "blank", "total"
"d:\work\项目\天源迪科\最新SVN项目地址\报表工具\所罗门\solomon_web\src\assets\chartModel.js", "JavaScript", 0, 0, 492, 0, 0, 0, 0, 16, 508
"d:\work\项目\天源迪科\最新SVN项目地址\报表工具\所罗门\solomon_web\src\assets\common\common.js", "JavaScript", 0, 0, 1447, 0, 0, 0, 174, 67, 1688
"d:\work\项目\天源迪科\最新SVN项目地址\报表工具\所罗门\solomon_web\src\assets\common\commonDataUtil.js", "JavaScript", 0, 0, 321, 0, 0, 0, 49, 14, 384
"d:\work\项目\天源迪科\最新SVN项目地址\报表工具\所罗门\solomon_web\src\assets\event.js", "JavaScript", 0, 0, 330, 0, 0, 0, 174, 26, 530
"d:\work\项目\天源迪科\最新SVN项目地址\报表工具\所罗门\solomon_web\src\assets\language-en.js", "JavaScript", 0, 0, 148, 0, 0, 0, 0, 0, 148
"d:\work\项目\天源迪科\最新SVN项目地址\报表工具\所罗门\solomon_web\src\assets\language-zh.js", "JavaScript", 0, 0, 148, 0, 0, 0, 0, 1, 149
"d:\work\项目\天源迪科\最新SVN项目地址\报表工具\所罗门\solomon_web\src\assets\modelDefaultConfig.js", "JavaScript", 0, 0, 148, 0, 0, 0, 101, 7, 256
"d:\work\项目\天源迪科\最新SVN项目地址\报表工具\所罗门\solomon_web\src\assets\sso.js", "JavaScript", 0, 0, 196, 0, 0, 0, 35, 1, 232
"d:\work\项目\天源迪科\最新SVN项目地址\报表工具\所罗门\solomon_web\src\assets\style\style.sass", "SASS", 0, 0, 0, 0, 0, 0, 0, 1, 1
"d:\work\项目\天源迪科\最新SVN项目地址\报表工具\所罗门\solomon_web\src\assets\ticket\ticketUtil.js", "JavaScript", 0, 0, 38, 0, 0, 0, 13, 4, 55
"d:\work\项目\天源迪科\最新SVN项目地址\报表工具\所罗门\solomon_web\src\assets\vue-grid-layout\dist\vue-grid-layout.common.js", "JavaScript", 0, 0, 12061, 0, 0, 0, 1878, 3207, 17146
"d:\work\项目\天源迪科\最新SVN项目地址\报表工具\所罗门\solomon_web\src\assets\vue-grid-layout\dist\vue-grid-layout.umd.js", "JavaScript", 0, 0, 12075, 0, 0, 0, 1872, 3207, 17154
"d:\work\项目\天源迪科\最新SVN项目地址\报表工具\所罗门\solomon_web\src\assets\vue-grid-layout\dist\vue-grid-layout.umd.min.js", "JavaScript", 0, 0, 1, 0, 0, 0, 1, 0, 2
"d:\work\项目\天源迪科\最新SVN项目地址\报表工具\所罗门\solomon_web\src\assets\vue-grid-layout\package.json", "JSON", 0, 78, 0, 0, 0, 0, 0, 1, 79
"d:\work\项目\天源迪科\最新SVN项目地址\报表工具\所罗门\solomon_web\src\assets\vue-grid-layout\vue.config.js", "JavaScript", 0, 0, 11, 0, 0, 0, 3, 2, 16
"d:\work\项目\天源迪科\最新SVN项目地址\报表工具\所罗门\solomon_web\src\pages\analytics\App.vue", "Vue", 143, 0, 0, 0, 0, 0, 4, 7, 154
"d:\work\项目\天源迪科\最新SVN项目地址\报表工具\所罗门\solomon_web\src\pages\analytics\analytics.html", "HTML", 0, 0, 0, 0, 21, 0, 0, 1, 22
"d:\work\项目\天源迪科\最新SVN项目地址\报表工具\所罗门\solomon_web\src\pages\analytics\analytics.js", "JavaScript", 0, 0, 34, 0, 0, 0, 3, 6, 43
"d:\work\项目\天源迪科\最新SVN项目地址\报表工具\所罗门\solomon_web\src\pages\analytics\components\centerBox.vue", "Vue", 181, 0, 0, 0, 0, 0, 11, 2, 194
"d:\work\项目\天源迪科\最新SVN项目地址\报表工具\所罗门\solomon_web\src\pages\analytics\components\chartMenuList.vue", "Vue", 125, 0, 0, 0, 0, 0, 2, 2, 129
"d:\work\项目\天源迪科\最新SVN项目地址\报表工具\所罗门\solomon_web\src\pages\analytics\components\chartOuter.vue", "Vue", 53, 0, 0, 0, 0, 0, 0, 2, 55
"d:\work\项目\天源迪科\最新SVN项目地址\报表工具\所罗门\solomon_web\src\pages\analytics\components\configPanel.vue", "Vue", 353, 0, 0, 0, 0, 0, 38, 8, 399
"d:\work\项目\天源迪科\最新SVN项目地址\报表工具\所罗门\solomon_web\src\pages\analytics\components\leftBar.vue", "Vue", 328, 0, 0, 0, 0, 0, 16, 4, 348
"d:\work\项目\天源迪科\最新SVN项目地址\报表工具\所罗门\solomon_web\src\pages\analytics\components\pageHead.vue", "Vue", 63, 0, 0, 0, 0, 0, 1, 3, 67
"d:\work\项目\天源迪科\最新SVN项目地址\报表工具\所罗门\solomon_web\src\pages\analytics\components\rightBar.vue", "Vue", 24, 0, 0, 0, 0, 0, 3, 2, 29
"d:\work\项目\天源迪科\最新SVN项目地址\报表工具\所罗门\solomon_web\src\pages\analytics\components\toolsBar.vue", "Vue", 184, 0, 0, 0, 0, 0, 3, 3, 190
"d:\work\项目\天源迪科\最新SVN项目地址\报表工具\所罗门\solomon_web\src\pages\analytics\store\actions.js", "JavaScript", 0, 0, 12, 0, 0, 0, 1, 0, 13
"d:\work\项目\天源迪科\最新SVN项目地址\报表工具\所罗门\solomon_web\src\pages\analytics\store\getters.js", "JavaScript", 0, 0, 4, 0, 0, 0, 0, 0, 4
"d:\work\项目\天源迪科\最新SVN项目地址\报表工具\所罗门\solomon_web\src\pages\analytics\store\index.js", "JavaScript", 0, 0, 32, 0, 0, 0, 1, 5, 38
"d:\work\项目\天源迪科\最新SVN项目地址\报表工具\所罗门\solomon_web\src\pages\analytics\store\mutations.js", "JavaScript", 0, 0, 12, 0, 0, 0, 1, 0, 13
"d:\work\项目\天源迪科\最新SVN项目地址\报表工具\所罗门\solomon_web\src\pages\bi\App.vue", "Vue", 339, 0, 0, 0, 0, 0, 18, 3, 360
"d:\work\项目\天源迪科\最新SVN项目地址\报表工具\所罗门\solomon_web\src\pages\bi\bi.html", "HTML", 0, 0, 0, 0, 18, 0, 3, 1, 22
"d:\work\项目\天源迪科\最新SVN项目地址\报表工具\所罗门\solomon_web\src\pages\bi\bi.js", "JavaScript", 0, 0, 32, 0, 0, 0, 3, 6, 41
"d:\work\项目\天源迪科\最新SVN项目地址\报表工具\所罗门\solomon_web\src\pages\bi\components\config.vue", "Vue", 1323, 0, 0, 0, 0, 0, 142, 12, 1477
"d:\work\项目\天源迪科\最新SVN项目地址\报表工具\所罗门\solomon_web\src\pages\bi\components\excelTable.vue", "Vue", 172, 0, 0, 0, 0, 0, 17, 3, 192
"d:\work\项目\天源迪科\最新SVN项目地址\报表工具\所罗门\solomon_web\src\pages\bi\components\excelTools.vue", "Vue", 67, 0, 0, 0, 0, 0, 0, 4, 71
"d:\work\项目\天源迪科\最新SVN项目地址\报表工具\所罗门\solomon_web\src\pages\cube\App.vue", "Vue", 117, 0, 0, 0, 0, 0, 18, 9, 144
"d:\work\项目\天源迪科\最新SVN项目地址\报表工具\所罗门\solomon_web\src\pages\cube\components\editor.vue", "Vue", 263, 0, 0, 0, 0, 0, 8, 14, 285
"d:\work\项目\天源迪科\最新SVN项目地址\报表工具\所罗门\solomon_web\src\pages\cube\components\modelList.vue", "Vue", 522, 0, 0, 0, 0, 0, 64, 25, 611
"d:\work\项目\天源迪科\最新SVN项目地址\报表工具\所罗门\solomon_web\src\pages\cube\components\panelModules\dataSet.vue", "Vue", 4087, 0, 0, 0, 0, 0, 394, 232, 4713
"d:\work\项目\天源迪科\最新SVN项目地址\报表工具\所罗门\solomon_web\src\pages\cube\components\panelModules\dyparam.vue", "Vue", 147, 0, 0, 0, 0, 0, 5, 4, 156
"d:\work\项目\天源迪科\最新SVN项目地址\报表工具\所罗门\solomon_web\src\pages\cube\components\panelModules\echartStyleSet.vue", "Vue", 23, 0, 0, 0, 0, 0, 0, 3, 26
"d:\work\项目\天源迪科\最新SVN项目地址\报表工具\所罗门\solomon_web\src\pages\cube\components\panelModules\eventSet.vue", "Vue", 913, 0, 0, 0, 0, 0, 56, 23, 992
"d:\work\项目\天源迪科\最新SVN项目地址\报表工具\所罗门\solomon_web\src\pages\cube\components\panelModules\excel.vue", "Vue", 331, 0, 0, 0, 0, 0, 96, 27, 454
"d:\work\项目\天源迪科\最新SVN项目地址\报表工具\所罗门\solomon_web\src\pages\cube\components\panelModules\styleGlobalSet.vue", "Vue", 56, 0, 0, 0, 0, 0, 6, 4, 66
"d:\work\项目\天源迪科\最新SVN项目地址\报表工具\所罗门\solomon_web\src\pages\cube\components\panelModules\styleSeriesSet.vue", "Vue", 23, 0, 0, 0, 0, 0, 0, 5, 28
"d:\work\项目\天源迪科\最新SVN项目地址\报表工具\所罗门\solomon_web\src\pages\cube\components\panelModules\styleSubModules\selectTree.vue", "Vue", 620, 0, 0, 0, 0, 0, 45, 30, 695
"d:\work\项目\天源迪科\最新SVN项目地址\报表工具\所罗门\solomon_web\src\pages\cube\components\panelModules\styleSubModules\sqlDataEditPanle.vue", "Vue", 1367, 0, 0, 0, 0, 0, 148, 126, 1641
"d:\work\项目\天源迪科\最新SVN项目地址\报表工具\所罗门\solomon_web\src\pages\cube\components\panelModules\styleSubModules\styleDatazoomSet.vue", "Vue", 42, 0, 0, 0, 0, 0, 0, 3, 45
"d:\work\项目\天源迪科\最新SVN项目地址\报表工具\所罗门\solomon_web\src\pages\cube\components\panelModules\styleSubModules\styleFunnelSet.vue", "Vue", 88, 0, 0, 0, 0, 0, 0, 10, 98
"d:\work\项目\天源迪科\最新SVN项目地址\报表工具\所罗门\solomon_web\src\pages\cube\components\panelModules\styleSubModules\styleGridSet.vue", "Vue", 48, 0, 0, 0, 0, 0, 0, 3, 51
"d:\work\项目\天源迪科\最新SVN项目地址\报表工具\所罗门\solomon_web\src\pages\cube\components\panelModules\styleSubModules\styleLegendSet.vue", "Vue", 58, 0, 0, 0, 0, 0, 0, 3, 61
"d:\work\项目\天源迪科\最新SVN项目地址\报表工具\所罗门\solomon_web\src\pages\cube\components\panelModules\styleSubModules\styleNewTableSet.vue", "Vue", 262, 0, 0, 0, 0, 0, 0, 6, 268
"d:\work\项目\天源迪科\最新SVN项目地址\报表工具\所罗门\solomon_web\src\pages\cube\components\panelModules\styleSubModules\styleOtherSet.vue", "Vue", 29, 0, 0, 0, 0, 0, 0, 5, 34
"d:\work\项目\天源迪科\最新SVN项目地址\报表工具\所罗门\solomon_web\src\pages\cube\components\panelModules\styleSubModules\stylePageSet.vue", "Vue", 36, 0, 0, 0, 0, 0, 0, 4, 40
"d:\work\项目\天源迪科\最新SVN项目地址\报表工具\所罗门\solomon_web\src\pages\cube\components\panelModules\styleSubModules\stylePictureSet.vue", "Vue", 281, 0, 0, 0, 0, 0, 51, 19, 351
"d:\work\项目\天源迪科\最新SVN项目地址\报表工具\所罗门\solomon_web\src\pages\cube\components\panelModules\styleSubModules\styleRadarSet.vue", "Vue", 146, 0, 0, 0, 0, 0, 0, 16, 162
"d:\work\项目\天源迪科\最新SVN项目地址\报表工具\所罗门\solomon_web\src\pages\cube\components\panelModules\styleSubModules\styleRepSet.vue", "Vue", 261, 0, 0, 0, 0, 0, 15, 25, 301
"d:\work\项目\天源迪科\最新SVN项目地址\报表工具\所罗门\solomon_web\src\pages\cube\components\panelModules\styleSubModules\styleSeriesBarSet.vue", "Vue", 178, 0, 0, 0, 0, 0, 2, 4, 184
"d:\work\项目\天源迪科\最新SVN项目地址\报表工具\所罗门\solomon_web\src\pages\cube\components\panelModules\styleSubModules\styleSeriesPieSet.vue", "Vue", 57, 0, 0, 0, 0, 0, 2, 3, 62
"d:\work\项目\天源迪科\最新SVN项目地址\报表工具\所罗门\solomon_web\src\pages\cube\components\panelModules\styleSubModules\styleTableSet.vue", "Vue", 140, 0, 0, 0, 0, 0, 65, 7, 212
"d:\work\项目\天源迪科\最新SVN项目地址\报表工具\所罗门\solomon_web\src\pages\cube\components\panelModules\styleSubModules\styleTextSet.vue", "Vue", 216, 0, 0, 0, 0, 0, 15, 11, 242
"d:\work\项目\天源迪科\最新SVN项目地址\报表工具\所罗门\solomon_web\src\pages\cube\components\panelModules\styleSubModules\styleXaxisSet.vue", "Vue", 108, 0, 0, 0, 0, 0, 0, 3, 111
"d:\work\项目\天源迪科\最新SVN项目地址\报表工具\所罗门\solomon_web\src\pages\cube\components\panelModules\styleSubModules\styleYaxisSet.vue", "Vue", 108, 0, 0, 0, 0, 0, 0, 3, 111
"d:\work\项目\天源迪科\最新SVN项目地址\报表工具\所罗门\solomon_web\src\pages\cube\components\panelModules\styleSubModules\styleZhexiantuSet.vue", "Vue", 122, 0, 0, 0, 0, 0, 0, 9, 131
"d:\work\项目\天源迪科\最新SVN项目地址\报表工具\所罗门\solomon_web\src\pages\cube\components\setTemporaryField.vue", "Vue", 231, 0, 0, 0, 0, 0, 26, 2, 259
"d:\work\项目\天源迪科\最新SVN项目地址\报表工具\所罗门\solomon_web\src\pages\cube\components\topTools.vue", "Vue", 529, 0, 0, 0, 0, 0, 39, 21, 589
"d:\work\项目\天源迪科\最新SVN项目地址\报表工具\所罗门\solomon_web\src\pages\cube\cube.html", "HTML", 0, 0, 0, 0, 21, 0, 1, 1, 23
"d:\work\项目\天源迪科\最新SVN项目地址\报表工具\所罗门\solomon_web\src\pages\cube\cube.js", "JavaScript", 0, 0, 57, 0, 0, 0, 8, 9, 74
"d:\work\项目\天源迪科\最新SVN项目地址\报表工具\所罗门\solomon_web\src\pages\cube\router\index.js", "JavaScript", 0, 0, 11, 0, 0, 0, 2, 3, 16
"d:\work\项目\天源迪科\最新SVN项目地址\报表工具\所罗门\solomon_web\src\pages\cube\store\actions.js", "JavaScript", 0, 0, 15, 0, 0, 0, 1, 4, 20
"d:\work\项目\天源迪科\最新SVN项目地址\报表工具\所罗门\solomon_web\src\pages\cube\store\getters.js", "JavaScript", 0, 0, 5, 0, 0, 0, 0, 0, 5
"d:\work\项目\天源迪科\最新SVN项目地址\报表工具\所罗门\solomon_web\src\pages\cube\store\index.js", "JavaScript", 0, 0, 79, 0, 0, 0, 10, 5, 94
"d:\work\项目\天源迪科\最新SVN项目地址\报表工具\所罗门\solomon_web\src\pages\cube\store\mutations.js", "JavaScript", 0, 0, 15, 0, 0, 0, 1, 4, 20
"d:\work\项目\天源迪科\最新SVN项目地址\报表工具\所罗门\solomon_web\src\pages\download\App.vue", "Vue", 53, 0, 0, 0, 0, 0, 0, 1, 54
"d:\work\项目\天源迪科\最新SVN项目地址\报表工具\所罗门\solomon_web\src\pages\download\downLoadManger\downLoadMain.vue", "Vue", 346, 0, 0, 0, 0, 0, 36, 16, 398
"d:\work\项目\天源迪科\最新SVN项目地址\报表工具\所罗门\solomon_web\src\pages\download\downLoadManger\downloadList.vue", "Vue", 649, 0, 0, 0, 0, 0, 49, 13, 711
"d:\work\项目\天源迪科\最新SVN项目地址\报表工具\所罗门\solomon_web\src\pages\download\download.html", "HTML", 0, 0, 0, 0, 20, 0, 0, 3, 23
"d:\work\项目\天源迪科\最新SVN项目地址\报表工具\所罗门\solomon_web\src\pages\download\download.js", "JavaScript", 0, 0, 34, 0, 0, 0, 3, 7, 44
"d:\work\项目\天源迪科\最新SVN项目地址\报表工具\所罗门\solomon_web\src\pages\index\App.vue", "Vue", 214, 0, 0, 0, 0, 0, 13, 5, 232
"d:\work\项目\天源迪科\最新SVN项目地址\报表工具\所罗门\solomon_web\src\pages\index\components\frameHeader.vue", "Vue", 271, 0, 0, 0, 0, 0, 11, 8, 290
"d:\work\项目\天源迪科\最新SVN项目地址\报表工具\所罗门\solomon_web\src\pages\index\components\leftMenu.vue", "Vue", 201, 0, 0, 0, 0, 0, 22, 7, 230
"d:\work\项目\天源迪科\最新SVN项目地址\报表工具\所罗门\solomon_web\src\pages\index\components\selectTreeBt.vue", "Vue", 172, 0, 0, 0, 0, 0, 0, 9, 181
"d:\work\项目\天源迪科\最新SVN项目地址\报表工具\所罗门\solomon_web\src\pages\index\index.html", "HTML", 0, 0, 0, 0, 20, 0, 0, 3, 23
"d:\work\项目\天源迪科\最新SVN项目地址\报表工具\所罗门\solomon_web\src\pages\index\index.js", "JavaScript", 0, 0, 58, 0, 0, 0, 9, 9, 76
"d:\work\项目\天源迪科\最新SVN项目地址\报表工具\所罗门\solomon_web\src\pages\index\router\index.js", "JavaScript", 0, 0, 470, 0, 0, 0, 44, 10, 524
"d:\work\项目\天源迪科\最新SVN项目地址\报表工具\所罗门\solomon_web\src\pages\index\store\actions.js", "JavaScript", 0, 0, 3, 0, 0, 0, 1, 0, 4
"d:\work\项目\天源迪科\最新SVN项目地址\报表工具\所罗门\solomon_web\src\pages\index\store\getters.js", "JavaScript", 0, 0, 1, 0, 0, 0, 0, 0, 1
"d:\work\项目\天源迪科\最新SVN项目地址\报表工具\所罗门\solomon_web\src\pages\index\store\index.js", "JavaScript", 0, 0, 18, 0, 0, 0, 3, 4, 25
"d:\work\项目\天源迪科\最新SVN项目地址\报表工具\所罗门\solomon_web\src\pages\index\store\mutations.js", "JavaScript", 0, 0, 3, 0, 0, 0, 1, 0, 4
"d:\work\项目\天源迪科\最新SVN项目地址\报表工具\所罗门\solomon_web\src\pages\index\templates\areaManage\areaManage.vue", "Vue", 23, 0, 0, 0, 0, 0, 0, 3, 26
"d:\work\项目\天源迪科\最新SVN项目地址\报表工具\所罗门\solomon_web\src\pages\index\templates\areaManage\sysArea.vue", "Vue", 320, 0, 0, 0, 0, 0, 0, 2, 322
"d:\work\项目\天源迪科\最新SVN项目地址\报表工具\所罗门\solomon_web\src\pages\index\templates\capabilitiesAndApplications\capabilitiesAndApplicationsList.vue", "Vue", 307, 0, 0, 0, 0, 0, 15, 9, 331
"d:\work\项目\天源迪科\最新SVN项目地址\报表工具\所罗门\solomon_web\src\pages\index\templates\capabilitiesAndApplications\editAppInfo.vue", "Vue", 237, 0, 0, 0, 0, 0, 0, 15, 252
"d:\work\项目\天源迪科\最新SVN项目地址\报表工具\所罗门\solomon_web\src\pages\index\templates\cube\cube.vue", "Vue", 1340, 0, 0, 0, 0, 0, 451, 104, 1895
"d:\work\项目\天源迪科\最新SVN项目地址\报表工具\所罗门\solomon_web\src\pages\index\templates\cube\cubeOpenWindow.vue", "Vue", 841, 0, 0, 0, 0, 0, 76, 49, 966
"d:\work\项目\天源迪科\最新SVN项目地址\报表工具\所罗门\solomon_web\src\pages\index\templates\customHomePage\customHomePage.vue", "Vue", 379, 0, 0, 0, 0, 0, 16, 38, 433
"d:\work\项目\天源迪科\最新SVN项目地址\报表工具\所罗门\solomon_web\src\pages\index\templates\customHomePage\temps\customEditPanle.vue", "Vue", 105, 0, 0, 0, 0, 0, 0, 8, 113
"d:\work\项目\天源迪科\最新SVN项目地址\报表工具\所罗门\solomon_web\src\pages\index\templates\dataPowerApiManager\dataPowerApiManager.vue", "Vue", 801, 0, 0, 0, 0, 0, 13, 8, 822
"d:\work\项目\天源迪科\最新SVN项目地址\报表工具\所罗门\solomon_web\src\pages\index\templates\dataPowerApiMonitor\dataPowerApiMonitor.vue", "Vue", 697, 0, 0, 0, 0, 0, 6, 54, 757
"d:\work\项目\天源迪科\最新SVN项目地址\报表工具\所罗门\solomon_web\src\pages\index\templates\dataPowerItemManager\dataPowerItemManager.vue", "Vue", 1643, 0, 0, 0, 0, 0, 73, 122, 1838
"d:\work\项目\天源迪科\最新SVN项目地址\报表工具\所罗门\solomon_web\src\pages\index\templates\dataPowerItemManager\model.json", "JSON", 0, 91, 0, 0, 0, 0, 0, 1, 92
"d:\work\项目\天源迪科\最新SVN项目地址\报表工具\所罗门\solomon_web\src\pages\index\templates\dataSandbox\storagePermissions.vue", "Vue", 165, 0, 0, 0, 0, 0, 8, 9, 182
"d:\work\项目\天源迪科\最新SVN项目地址\报表工具\所罗门\solomon_web\src\pages\index\templates\dataSet\DataSetEdit.vue", "Vue", 254, 0, 0, 0, 0, 0, 4, 2, 260
"d:\work\项目\天源迪科\最新SVN项目地址\报表工具\所罗门\solomon_web\src\pages\index\templates\dataSet\creatFolder.vue", "Vue", 91, 0, 0, 0, 0, 0, 3, 3, 97
"d:\work\项目\天源迪科\最新SVN项目地址\报表工具\所罗门\solomon_web\src\pages\index\templates\dataSet\dataModel\addEditViewModel.vue", "Vue", 1419, 0, 0, 0, 0, 0, 57, 25, 1501
"d:\work\项目\天源迪科\最新SVN项目地址\报表工具\所罗门\solomon_web\src\pages\index\templates\dataSet\dataModel\addSqlViewModel.vue", "Vue", 731, 0, 0, 0, 0, 0, 46, 20, 797
"d:\work\项目\天源迪科\最新SVN项目地址\报表工具\所罗门\solomon_web\src\pages\index\templates\dataSet\dataModel\colEdit.vue", "Vue", 611, 0, 0, 0, 0, 0, 31, 7, 649
"d:\work\项目\天源迪科\最新SVN项目地址\报表工具\所罗门\solomon_web\src\pages\index\templates\dataSet\dataModel\sqlBasicInfo.vue", "Vue", 202, 0, 0, 0, 0, 0, 21, 3, 226
"d:\work\项目\天源迪科\最新SVN项目地址\报表工具\所罗门\solomon_web\src\pages\index\templates\dataSet\dataSet.vue", "Vue", 927, 0, 0, 0, 0, 0, 163, 33, 1123
"d:\work\项目\天源迪科\最新SVN项目地址\报表工具\所罗门\solomon_web\src\pages\index\templates\dataSet\dataSetAttr.vue", "Vue", 150, 0, 0, 0, 0, 0, 1, 4, 155
"d:\work\项目\天源迪科\最新SVN项目地址\报表工具\所罗门\solomon_web\src\pages\index\templates\dataSet\moveFolder.vue", "Vue", 86, 0, 0, 0, 0, 0, 2, 1, 89
"d:\work\项目\天源迪科\最新SVN项目地址\报表工具\所罗门\solomon_web\src\pages\index\templates\dataSet\panelModules\createDataSetPanel.vue", "Vue", 1056, 0, 0, 0, 0, 0, 123, 6, 1185
"d:\work\项目\天源迪科\最新SVN项目地址\报表工具\所罗门\solomon_web\src\pages\index\templates\dataSource\addDataType.vue", "Vue", 108, 0, 0, 0, 0, 0, 2, 2, 112
"d:\work\项目\天源迪科\最新SVN项目地址\报表工具\所罗门\solomon_web\src\pages\index\templates\dataSource\addFileWin.vue", "Vue", 130, 0, 0, 0, 0, 0, 12, 2, 144
"d:\work\项目\天源迪科\最新SVN项目地址\报表工具\所罗门\solomon_web\src\pages\index\templates\dataSource\creatDataSourceWin.vue", "Vue", 175, 0, 0, 0, 0, 0, 13, 8, 196
"d:\work\项目\天源迪科\最新SVN项目地址\报表工具\所罗门\solomon_web\src\pages\index\templates\dataSource\dataSource.vue", "Vue", 1255, 0, 0, 0, 0, 0, 119, 49, 1423
"d:\work\项目\天源迪科\最新SVN项目地址\报表工具\所罗门\solomon_web\src\pages\index\templates\dataSource\editDataSourceWin.vue", "Vue", 287, 0, 0, 0, 0, 0, 145, 11, 443
"d:\work\项目\天源迪科\最新SVN项目地址\报表工具\所罗门\solomon_web\src\pages\index\templates\dataSource\newDataSourceOpen.vue", "Vue", 204, 0, 0, 0, 0, 0, 1, 1, 206
"d:\work\项目\天源迪科\最新SVN项目地址\报表工具\所罗门\solomon_web\src\pages\index\templates\dataSource\sqlEditWin.vue", "Vue", 373, 0, 0, 0, 0, 0, 6, 4, 383
"d:\work\项目\天源迪科\最新SVN项目地址\报表工具\所罗门\solomon_web\src\pages\index\templates\dataSource\tableDetail.vue", "Vue", 53, 0, 0, 0, 0, 0, 1, 1, 55
"d:\work\项目\天源迪科\最新SVN项目地址\报表工具\所罗门\solomon_web\src\pages\index\templates\dataSource\uploadFile.vue", "Vue", 325, 0, 0, 0, 0, 0, 25, 6, 356
"d:\work\项目\天源迪科\最新SVN项目地址\报表工具\所罗门\solomon_web\src\pages\index\templates\dataSource\viewLog.vue", "Vue", 29, 0, 0, 0, 0, 0, 1, 1, 31
"d:\work\项目\天源迪科\最新SVN项目地址\报表工具\所罗门\solomon_web\src\pages\index\templates\dimManage\dimManage.vue", "Vue", 435, 0, 0, 0, 0, 0, 6, 9, 450
"d:\work\项目\天源迪科\最新SVN项目地址\报表工具\所罗门\solomon_web\src\pages\index\templates\dimManage\editDimInfo.vue", "Vue", 442, 0, 0, 0, 0, 0, 1, 4, 447
"d:\work\项目\天源迪科\最新SVN项目地址\报表工具\所罗门\solomon_web\src\pages\index\templates\dimManage\editDimLevelInfo.vue", "Vue", 171, 0, 0, 0, 0, 0, 6, 0, 177
"d:\work\项目\天源迪科\最新SVN项目地址\报表工具\所罗门\solomon_web\src\pages\index\templates\dirManage\dirManage.vue", "Vue", 348, 0, 0, 0, 0, 0, 6, 6, 360
"d:\work\项目\天源迪科\最新SVN项目地址\报表工具\所罗门\solomon_web\src\pages\index\templates\downLoadManger\downLoadMain.vue", "Vue", 346, 0, 0, 0, 0, 0, 36, 16, 398
"d:\work\项目\天源迪科\最新SVN项目地址\报表工具\所罗门\solomon_web\src\pages\index\templates\downLoadManger\downloadList.vue", "Vue", 651, 0, 0, 0, 0, 0, 47, 13, 711
"d:\work\项目\天源迪科\最新SVN项目地址\报表工具\所罗门\solomon_web\src\pages\index\templates\iframe\iframes.vue", "Vue", 13, 0, 0, 0, 0, 0, 8, 3, 24
"d:\work\项目\天源迪科\最新SVN项目地址\报表工具\所罗门\solomon_web\src\pages\index\templates\indicators\indicatorsList.vue", "Vue", 2108, 0, 0, 0, 0, 0, 267, 63, 2438
"d:\work\项目\天源迪科\最新SVN项目地址\报表工具\所罗门\solomon_web\src\pages\index\templates\indicators\indicatorsTaskList.vue", "Vue", 436, 0, 0, 0, 0, 0, 42, 13, 491
"d:\work\项目\天源迪科\最新SVN项目地址\报表工具\所罗门\solomon_web\src\pages\index\templates\indicators\myIndicatorsList.vue", "Vue", 284, 0, 0, 0, 0, 0, 17, 2, 303
"d:\work\项目\天源迪科\最新SVN项目地址\报表工具\所罗门\solomon_web\src\pages\index\templates\menus\menu.vue", "Vue", 529, 0, 0, 0, 0, 0, 17, 6, 552
"d:\work\项目\天源迪科\最新SVN项目地址\报表工具\所罗门\solomon_web\src\pages\index\templates\orgManage\orgManage.vue", "Vue", 23, 0, 0, 0, 0, 0, 0, 3, 26
"d:\work\项目\天源迪科\最新SVN项目地址\报表工具\所罗门\solomon_web\src\pages\index\templates\orgManage\sysOrg.vue", "Vue", 442, 0, 0, 0, 0, 0, 1, 2, 445
"d:\work\项目\天源迪科\最新SVN项目地址\报表工具\所罗门\solomon_web\src\pages\index\templates\overView\overView.vue", "Vue", 646, 0, 0, 0, 0, 0, 32, 97, 775
"d:\work\项目\天源迪科\最新SVN项目地址\报表工具\所罗门\solomon_web\src\pages\index\templates\overView\temps\announcementNews.vue", "Vue", 532, 0, 0, 0, 0, 0, 21, 21, 574
"d:\work\项目\天源迪科\最新SVN项目地址\报表工具\所罗门\solomon_web\src\pages\index\templates\overView\temps\dataSetHeat.vue", "Vue", 468, 0, 0, 0, 0, 0, 7, 19, 494
"d:\work\项目\天源迪科\最新SVN项目地址\报表工具\所罗门\solomon_web\src\pages\index\templates\overView\temps\reportMostPopular.vue", "Vue", 414, 0, 0, 0, 0, 0, 13, 19, 446
"d:\work\项目\天源迪科\最新SVN项目地址\报表工具\所罗门\solomon_web\src\pages\index\templates\overView\temps\reportNew.vue", "Vue", 431, 0, 0, 0, 0, 0, 7, 18, 456
"d:\work\项目\天源迪科\最新SVN项目地址\报表工具\所罗门\solomon_web\src\pages\index\templates\overView\temps\reportOverview.vue", "Vue", 587, 0, 0, 0, 0, 0, 34, 29, 650
"d:\work\项目\天源迪科\最新SVN项目地址\报表工具\所罗门\solomon_web\src\pages\index\templates\powerManage\dataPowerSet.vue", "Vue", 540, 0, 0, 0, 0, 0, 13, 8, 561
"d:\work\项目\天源迪科\最新SVN项目地址\报表工具\所罗门\solomon_web\src\pages\index\templates\powerManage\dialogDataSelect.vue", "Vue", 311, 0, 0, 0, 0, 0, 13, 3, 327
"d:\work\项目\天源迪科\最新SVN项目地址\报表工具\所罗门\solomon_web\src\pages\index\templates\powerManage\indPowerSet.vue", "Vue", 10, 0, 0, 0, 0, 0, 0, 3, 13
"d:\work\项目\天源迪科\最新SVN项目地址\报表工具\所罗门\solomon_web\src\pages\index\templates\powerManage\powerManage.vue", "Vue", 295, 0, 0, 0, 0, 0, 13, 8, 316
"d:\work\项目\天源迪科\最新SVN项目地址\报表工具\所罗门\solomon_web\src\pages\index\templates\specialReport\specialReport.vue", "Vue", 482, 0, 0, 0, 0, 0, 30, 68, 580
"d:\work\项目\天源迪科\最新SVN项目地址\报表工具\所罗门\solomon_web\src\pages\index\templates\sysDemand\model\demandDetails.vue", "Vue", 231, 0, 0, 0, 0, 0, 2, 12, 245
"d:\work\项目\天源迪科\最新SVN项目地址\报表工具\所罗门\solomon_web\src\pages\index\templates\sysDemand\model\demandEdit.vue", "Vue", 182, 0, 0, 0, 0, 0, 4, 17, 203
"d:\work\项目\天源迪科\最新SVN项目地址\报表工具\所罗门\solomon_web\src\pages\index\templates\sysDemand\model\demandView.vue", "Vue", 76, 0, 0, 0, 0, 0, 8, 10, 94
"d:\work\项目\天源迪科\最新SVN项目地址\报表工具\所罗门\solomon_web\src\pages\index\templates\sysDemand\sysDemand.vue", "Vue", 637, 0, 0, 0, 0, 0, 8, 27, 672
"d:\work\项目\天源迪科\最新SVN项目地址\报表工具\所罗门\solomon_web\src\pages\index\templates\sysMenuAdministration\sysMenu.vue", "Vue", 561, 0, 0, 0, 0, 0, 0, 3, 564
"d:\work\项目\天源迪科\最新SVN项目地址\报表工具\所罗门\solomon_web\src\pages\index\templates\sysMenuAdministration\sysMenuAdministration.vue", "Vue", 23, 0, 0, 0, 0, 0, 0, 3, 26
"d:\work\项目\天源迪科\最新SVN项目地址\报表工具\所罗门\solomon_web\src\pages\index\templates\sysNotice\model\noticeEdit.vue", "Vue", 155, 0, 0, 0, 0, 0, 3, 16, 174
"d:\work\项目\天源迪科\最新SVN项目地址\报表工具\所罗门\solomon_web\src\pages\index\templates\sysNotice\model\showNoticeMsg.vue", "Vue", 101, 0, 0, 0, 0, 0, 2, 10, 113
"d:\work\项目\天源迪科\最新SVN项目地址\报表工具\所罗门\solomon_web\src\pages\index\templates\sysNotice\sysNotice.vue", "Vue", 453, 0, 0, 0, 0, 0, 6, 24, 483
"d:\work\项目\天源迪科\最新SVN项目地址\报表工具\所罗门\solomon_web\src\pages\index\templates\sysOperationLog\sysOperationLog.vue", "Vue", 618, 0, 0, 0, 0, 0, 92, 34, 744
"d:\work\项目\天源迪科\最新SVN项目地址\报表工具\所罗门\solomon_web\src\pages\index\templates\sysRoleAdministration\component\roleEditWin.vue", "Vue", 186, 0, 0, 0, 0, 0, 1, 1, 188
"d:\work\项目\天源迪科\最新SVN项目地址\报表工具\所罗门\solomon_web\src\pages\index\templates\sysRoleAdministration\component\roleLimit.vue", "Vue", 239, 0, 0, 0, 0, 0, 2, 1, 242
"d:\work\项目\天源迪科\最新SVN项目地址\报表工具\所罗门\solomon_web\src\pages\index\templates\sysRoleAdministration\sysRole.vue", "Vue", 321, 0, 0, 0, 0, 0, 1, 1, 323
"d:\work\项目\天源迪科\最新SVN项目地址\报表工具\所罗门\solomon_web\src\pages\index\templates\sysRoleAdministration\sysRoleAdministration.vue", "Vue", 30, 0, 0, 0, 0, 0, 0, 2, 32
"d:\work\项目\天源迪科\最新SVN项目地址\报表工具\所罗门\solomon_web\src\pages\index\templates\sysUserAdministration\sysUserAdministration.vue", "Vue", 38, 0, 0, 0, 0, 0, 4, 4, 46
"d:\work\项目\天源迪科\最新SVN项目地址\报表工具\所罗门\solomon_web\src\pages\index\templates\system\system.vue", "Vue", 11, 0, 0, 0, 0, 0, 0, 0, 11
"d:\work\项目\天源迪科\最新SVN项目地址\报表工具\所罗门\solomon_web\src\pages\index\templates\userManage\userEdit.vue", "Vue", 1060, 0, 0, 0, 0, 0, 98, 24, 1182
"d:\work\项目\天源迪科\最新SVN项目地址\报表工具\所罗门\solomon_web\src\pages\index\templates\userManage\userList.vue", "Vue", 306, 0, 0, 0, 0, 0, 7, 13, 326
"d:\work\项目\天源迪科\最新SVN项目地址\报表工具\所罗门\solomon_web\src\pages\login\App.vue", "Vue", 280, 0, 0, 0, 0, 0, 13, 28, 321
"d:\work\项目\天源迪科\最新SVN项目地址\报表工具\所罗门\solomon_web\src\pages\login\login.html", "HTML", 0, 0, 0, 0, 17, 0, 0, 0, 17
"d:\work\项目\天源迪科\最新SVN项目地址\报表工具\所罗门\solomon_web\src\pages\login\login.js", "JavaScript", 0, 0, 15, 0, 0, 0, 3, 3, 21
"d:\work\项目\天源迪科\最新SVN项目地址\报表工具\所罗门\solomon_web\src\pages\relation\App.vue", "Vue", 948, 0, 0, 0, 0, 0, 46, 59, 1053
"d:\work\项目\天源迪科\最新SVN项目地址\报表工具\所罗门\solomon_web\src\pages\relation\components\OperateMenu\OperateMenu.vue", "Vue", 72, 0, 0, 0, 0, 0, 0, 1, 73
"d:\work\项目\天源迪科\最新SVN项目地址\报表工具\所罗门\solomon_web\src\pages\relation\components\OperateMenu\OperateMenuData.js", "JavaScript", 0, 0, 55, 0, 0, 0, 0, 1, 56
"d:\work\项目\天源迪科\最新SVN项目地址\报表工具\所罗门\solomon_web\src\pages\relation\components\OperateMenu\dataSetGroupEdit.vue", "Vue", 410, 0, 0, 0, 0, 0, 25, 46, 481
"d:\work\项目\天源迪科\最新SVN项目地址\报表工具\所罗门\solomon_web\src\pages\relation\components\icon\hang-cao-zuo.svg", "XML", 0, 0, 0, 0, 0, 1, 0, 0, 1
"d:\work\项目\天源迪科\最新SVN项目地址\报表工具\所罗门\solomon_web\src\pages\relation\components\icon\icon-tuozhuai.svg", "XML", 0, 0, 0, 0, 0, 1, 0, 0, 1
"d:\work\项目\天源迪科\最新SVN项目地址\报表工具\所罗门\solomon_web\src\pages\relation\components\mixins\action-handler.js", "JavaScript", 0, 0, 7, 0, 0, 0, 0, 1, 8
"d:\work\项目\天源迪科\最新SVN项目地址\报表工具\所罗门\solomon_web\src\pages\relation\components\mixins\query-item.js", "JavaScript", 0, 0, 7, 0, 0, 0, 0, 1, 8
"d:\work\项目\天源迪科\最新SVN项目地址\报表工具\所罗门\solomon_web\src\pages\relation\components\mixins\scrollable.js", "JavaScript", 0, 0, 76, 0, 0, 0, 2, 2, 80
"d:\work\项目\天源迪科\最新SVN项目地址\报表工具\所罗门\solomon_web\src\pages\relation\components\relative.vue", "Vue", 3555, 0, 0, 0, 0, 0, 254, 273, 4082
"d:\work\项目\天源迪科\最新SVN项目地址\报表工具\所罗门\solomon_web\src\pages\relation\components\showContent.vue", "Vue", 350, 0, 0, 0, 0, 0, 93, 18, 461
"d:\work\项目\天源迪科\最新SVN项目地址\报表工具\所罗门\solomon_web\src\pages\relation\components\sideBar.vue", "Vue", 209, 0, 0, 0, 0, 0, 46, 10, 265
"d:\work\项目\天源迪科\最新SVN项目地址\报表工具\所罗门\solomon_web\src\pages\relation\relation.html", "HTML", 0, 0, 0, 0, 17, 0, 0, 1, 18
"d:\work\项目\天源迪科\最新SVN项目地址\报表工具\所罗门\solomon_web\src\pages\relation\relation.js", "JavaScript", 0, 0, 41, 0, 0, 0, 3, 7, 51
"d:\work\项目\天源迪科\最新SVN项目地址\报表工具\所罗门\solomon_web\src\pages\report\App.vue", "Vue", 412, 0, 0, 0, 0, 0, 6, 12, 430
"d:\work\项目\天源迪科\最新SVN项目地址\报表工具\所罗门\solomon_web\src\pages\report\common\common.js", "JavaScript", 0, 0, 13, 0, 0, 0, 7, 3, 23
"d:\work\项目\天源迪科\最新SVN项目地址\报表工具\所罗门\solomon_web\src\pages\report\components\editCompute.vue", "Vue", 309, 0, 0, 0, 0, 0, 20, 2, 331
"d:\work\项目\天源迪科\最新SVN项目地址\报表工具\所罗门\solomon_web\src\pages\report\components\editDim.vue", "Vue", 286, 0, 0, 0, 0, 0, 30, 7, 323
"d:\work\项目\天源迪科\最新SVN项目地址\报表工具\所罗门\solomon_web\src\pages\report\components\editGdl.vue", "Vue", 172, 0, 0, 0, 0, 0, 10, 3, 185
"d:\work\项目\天源迪科\最新SVN项目地址\报表工具\所罗门\solomon_web\src\pages\report\components\filterConfig.vue", "Vue", 693, 0, 0, 0, 0, 0, 23, 9, 725
"d:\work\项目\天源迪科\最新SVN项目地址\报表工具\所罗门\solomon_web\src\pages\report\components\getFile.vue", "Vue", 341, 0, 0, 0, 0, 0, 8, 4, 353
"d:\work\项目\天源迪科\最新SVN项目地址\报表工具\所罗门\solomon_web\src\pages\report\components\leftAside.vue", "Vue", 1108, 0, 0, 0, 0, 0, 64, 17, 1189
"d:\work\项目\天源迪科\最新SVN项目地址\报表工具\所罗门\solomon_web\src\pages\report\components\reportContent.vue", "Vue", 273, 0, 0, 0, 0, 0, 11, 2, 286
"d:\work\项目\天源迪科\最新SVN项目地址\报表工具\所罗门\solomon_web\src\pages\report\report.html", "HTML", 0, 0, 0, 0, 17, 0, 0, 1, 18
"d:\work\项目\天源迪科\最新SVN项目地址\报表工具\所罗门\solomon_web\src\pages\report\report.js", "JavaScript", 0, 0, 39, 0, 0, 0, 3, 9, 51
"d:\work\项目\天源迪科\最新SVN项目地址\报表工具\所罗门\solomon_web\src\pages\report\router\index.js", "JavaScript", 0, 0, 11, 0, 0, 0, 2, 3, 16
"d:\work\项目\天源迪科\最新SVN项目地址\报表工具\所罗门\solomon_web\src\pages\repshow\App.vue", "Vue", 641, 0, 0, 0, 0, 0, 28, 10, 679
"d:\work\项目\天源迪科\最新SVN项目地址\报表工具\所罗门\solomon_web\src\pages\repshow\repshow.html", "HTML", 0, 0, 0, 0, 18, 0, 0, 1, 19
"d:\work\项目\天源迪科\最新SVN项目地址\报表工具\所罗门\solomon_web\src\pages\repshow\repshow.js", "JavaScript", 0, 0, 61, 0, 0, 0, 12, 8, 81
"d:\work\项目\天源迪科\最新SVN项目地址\报表工具\所罗门\solomon_web\src\pages\repshow\store\actions.js", "JavaScript", 0, 0, 12, 0, 0, 0, 1, 4, 17
"d:\work\项目\天源迪科\最新SVN项目地址\报表工具\所罗门\solomon_web\src\pages\repshow\store\getters.js", "JavaScript", 0, 0, 4, 0, 0, 0, 0, 0, 4
"d:\work\项目\天源迪科\最新SVN项目地址\报表工具\所罗门\solomon_web\src\pages\repshow\store\index.js", "JavaScript", 0, 0, 41, 0, 0, 0, 10, 6, 57
"d:\work\项目\天源迪科\最新SVN项目地址\报表工具\所罗门\solomon_web\src\pages\repshow\store\mutations.js", "JavaScript", 0, 0, 12, 0, 0, 0, 1, 4, 17
"d:\work\项目\天源迪科\最新SVN项目地址\报表工具\所罗门\solomon_web\src\publicModule\Tree.vue", "Vue", 185, 0, 0, 0, 0, 0, 1, 7, 193
"d:\work\项目\天源迪科\最新SVN项目地址\报表工具\所罗门\solomon_web\src\publicModule\VueContextMenu.vue", "Vue", 202, 0, 0, 0, 0, 0, 2, 4, 208
"d:\work\项目\天源迪科\最新SVN项目地址\报表工具\所罗门\solomon_web\src\publicModule\buildNewTable.vue", "Vue", 178, 0, 0, 0, 0, 0, 17, 2, 197
"d:\work\项目\天源迪科\最新SVN项目地址\报表工具\所罗门\solomon_web\src\publicModule\buildNewTable2.vue", "Vue", 749, 0, 0, 0, 0, 0, 128, 8, 885
"d:\work\项目\天源迪科\最新SVN项目地址\报表工具\所罗门\solomon_web\src\publicModule\canvasMap.vue", "Vue", 738, 0, 0, 0, 0, 0, 96, 17, 851
"d:\work\项目\天源迪科\最新SVN项目地址\报表工具\所罗门\solomon_web\src\publicModule\chart-bar.vue", "Vue", 261, 0, 0, 0, 0, 0, 214, 8, 483
"d:\work\项目\天源迪科\最新SVN项目地址\报表工具\所罗门\solomon_web\src\publicModule\chart-col-menu.vue", "Vue", 114, 0, 0, 0, 0, 0, 3, 1, 118
"d:\work\项目\天源迪科\最新SVN项目地址\报表工具\所罗门\solomon_web\src\publicModule\chart-funnel.vue", "Vue", 132, 0, 0, 0, 0, 0, 0, 6, 138
"d:\work\项目\天源迪科\最新SVN项目地址\报表工具\所罗门\solomon_web\src\publicModule\chart-newTable.vue", "Vue", 602, 0, 0, 0, 0, 0, 164, 16, 782
"d:\work\项目\天源迪科\最新SVN项目地址\报表工具\所罗门\solomon_web\src\publicModule\chart-picture.vue", "Vue", 38, 0, 0, 0, 0, 0, 0, 6, 44
"d:\work\项目\天源迪科\最新SVN项目地址\报表工具\所罗门\solomon_web\src\publicModule\chart-pie.vue", "Vue", 138, 0, 0, 0, 0, 0, 201, 7, 346
"d:\work\项目\天源迪科\最新SVN项目地址\报表工具\所罗门\solomon_web\src\publicModule\chart-radar.vue", "Vue", 221, 0, 0, 0, 0, 0, 10, 18, 249
"d:\work\项目\天源迪科\最新SVN项目地址\报表工具\所罗门\solomon_web\src\publicModule\chart-search.vue", "Vue", 2459, 0, 0, 0, 0, 0, 175, 135, 2769
"d:\work\项目\天源迪科\最新SVN项目地址\报表工具\所罗门\solomon_web\src\publicModule\chart-tab.vue", "Vue", 171, 0, 0, 0, 0, 0, 5, 6, 182
"d:\work\项目\天源迪科\最新SVN项目地址\报表工具\所罗门\solomon_web\src\publicModule\chart-table.vue", "Vue", 2266, 0, 0, 0, 0, 0, 265, 51, 2582
"d:\work\项目\天源迪科\最新SVN项目地址\报表工具\所罗门\solomon_web\src\publicModule\chart-text.vue", "Vue", 158, 0, 0, 0, 0, 0, 4, 13, 175
"d:\work\项目\天源迪科\最新SVN项目地址\报表工具\所罗门\solomon_web\src\publicModule\chart-zhexiantu.vue", "Vue", 297, 0, 0, 0, 0, 0, 15, 15, 327
"d:\work\项目\天源迪科\最新SVN项目地址\报表工具\所罗门\solomon_web\src\publicModule\dataModel\controlInstProp.js", "JavaScript", 0, 0, 80, 0, 0, 0, 14, 19, 113
"d:\work\项目\天源迪科\最新SVN项目地址\报表工具\所罗门\solomon_web\src\publicModule\dropTree.vue", "Vue", 368, 0, 0, 0, 0, 0, 24, 14, 406
"d:\work\项目\天源迪科\最新SVN项目地址\报表工具\所罗门\solomon_web\src\publicModule\global.vue", "Vue", 14, 0, 0, 0, 0, 0, 0, 0, 14
"d:\work\项目\天源迪科\最新SVN项目地址\报表工具\所罗门\solomon_web\src\publicModule\indicatorDetailed.vue", "Vue", 163, 0, 0, 0, 0, 0, 3, 18, 184
"d:\work\项目\天源迪科\最新SVN项目地址\报表工具\所罗门\solomon_web\src\publicModule\modelItem.vue", "Vue", 98, 0, 0, 0, 0, 0, 0, 5, 103
"d:\work\项目\天源迪科\最新SVN项目地址\报表工具\所罗门\solomon_web\src\publicModule\newTableDesign.vue", "Vue", 683, 0, 0, 0, 0, 0, 123, 7, 813
"d:\work\项目\天源迪科\最新SVN项目地址\报表工具\所罗门\solomon_web\src\publicModule\noTabModels.vue", "Vue", 409, 0, 0, 0, 0, 0, 24, 8, 441
"d:\work\项目\天源迪科\最新SVN项目地址\报表工具\所罗门\solomon_web\src\publicModule\popMenu.vue", "Vue", 441, 0, 0, 0, 0, 0, 27, 20, 488
"d:\work\项目\天源迪科\最新SVN项目地址\报表工具\所罗门\solomon_web\src\publicModule\quillEditorModule.vue", "Vue", 0, 0, 0, 0, 0, 0, 129, 1, 130
"d:\work\项目\天源迪科\最新SVN项目地址\报表工具\所罗门\solomon_web\src\publicModule\quillEditorModuleFalse.vue", "Vue", 0, 0, 0, 0, 0, 0, 82, 1, 83
"d:\work\项目\天源迪科\最新SVN项目地址\报表工具\所罗门\solomon_web\src\publicModule\selectDate.vue", "Vue", 172, 0, 0, 0, 0, 0, 1, 4, 177
"d:\work\项目\天源迪科\最新SVN项目地址\报表工具\所罗门\solomon_web\src\publicModule\tabItem.vue", "Vue", 38, 0, 0, 0, 0, 0, 3, 2, 43
"d:\work\项目\天源迪科\最新SVN项目地址\报表工具\所罗门\solomon_web\src\publicModule\tableClumClickOpen.vue", "Vue", 23, 0, 0, 0, 0, 0, 0, 7, 30
"d:\work\项目\天源迪科\最新SVN项目地址\报表工具\所罗门\solomon_web\src\publicModule\tableClumControl\chart-table-clumn.vue", "Vue", 246, 0, 0, 0, 0, 0, 18, 19, 283
"d:\work\项目\天源迪科\最新SVN项目地址\报表工具\所罗门\solomon_web\src\publicModule\tableClumControl\tableHeadClumnEdit.vue", "Vue", 540, 0, 0, 0, 0, 0, 58, 32, 630
"d:\work\项目\天源迪科\最新SVN项目地址\报表工具\所罗门\solomon_web\src\publicModule\tableClumControl\tableHeadClumnEditNew.vue", "Vue", 977, 0, 0, 0, 0, 0, 35, 15, 1027
"d:\work\项目\天源迪科\最新SVN项目地址\报表工具\所罗门\solomon_web\src\publicModule\tableClumControl\tableHeadEditTool.vue", "Vue", 78, 0, 0, 0, 0, 0, 7, 5, 90
"d:\work\项目\天源迪科\最新SVN项目地址\报表工具\所罗门\solomon_web\src\publicModule\topTools.vue", "Vue", 86, 0, 0, 0, 0, 0, 5, 7, 98
"d:\work\项目\天源迪科\最新SVN项目地址\报表工具\所罗门\solomon_web\src\publicModule\umerationDrop.vue", "Vue", 381, 0, 0, 0, 0, 0, 3, 3, 387
"d:\work\项目\天源迪科\最新SVN项目地址\报表工具\所罗门\solomon_web\src\publicModule\viewSql.vue", "Vue", 62, 0, 0, 0, 0, 0, 1, 1, 64
"d:\work\项目\天源迪科\最新SVN项目地址\报表工具\所罗门\solomon_web\src\publicModule\wangeditorTmp.vue", "Vue", 104, 0, 0, 0, 0, 0, 54, 9, 167
"Total", "-", 72017, 169, 28785, 0, 169, 2, 10778, 9727, 121647